bug,ip,port,code,country,anonim,google,https,refresh
,182.16.187.178,23500,ID,Indonesia,anonymous,no,yes,28 seconds ago
,181.112.217.22,59683,EC,Ecuador,elite proxy,no,yes,28 seconds ago
,193.164.201.12,36893,RU,Russian Federation,elite proxy,no,yes,1 minute ago
,190.242.58.130,8080,CO,Colombia,elite proxy,no,yes,1 minute ago
,95.181.104.200,36181,RU,Russian Federation,elite proxy,no,yes,1 minute ago
,36.89.181.73,60146,ID,Indonesia,elite proxy,no,yes,1 minute ago
,176.110.120.134,60417,RU,Russian Federation,elite proxy,no,yes,1 minute ago
,196.22.202.50,43426,ZA,South Africa,elite proxy,no,yes,1 minute ago
,202.79.43.124,59034,NP,Nepal,elite proxy,no,yes,1 minute ago
,186.232.48.9,53281,BR,Brazil,elite proxy,no,yes,1 minute ago
,186.249.23.85,46944,BR,Brazil,elite proxy,no,yes,1 minute ago
,124.41.211.180,48161,NP,Nepal,elite proxy,no,yes,1 minute ago
,61.69.124.86,3128,AU,Australia,elite proxy,no,yes,1 minute ago
,1.34.120.197,39415,TW,Taiwan,elite proxy,no,yes,1 minute ago
,112.78.37.6,56661,ID,Indonesia,elite proxy,no,yes,1 minute ago
,187.190.237.69,38626,MX,Mexico,elite proxy,no,yes,1 minute ago
,41.221.158.186,58756,ZW,Zimbabwe,elite proxy,no,yes,1 minute ago
,109.160.48.203,49112,BG,Bulgaria,elite proxy,no,yes,1 minute ago
,103.209.140.110,58353,IN,India,elite proxy,no,yes,1 minute ago
,131.100.213.231,33672,BR,Brazil,elite proxy,no,yes,1 minute ago
,62.76.87.5,33151,RU,Russian Federation,elite proxy,no,yes,1 minute ago
,185.6.152.231,31700,GB,United Kingdom,elite proxy,no,yes,1 minute ago
,1.10.184.166,42471,TH,Thailand,elite proxy,no,yes,1 minute ago
,128.65.136.72,45886,RU,Russian Federation,elite proxy,no,yes,1 minute ago
,188.187.1.41,46655,RU,Russian Federation,elite proxy,no,yes,1 minute ago
,89.22.208.227,42509,PL,Poland,elite proxy,no,yes,1 minute ago
,112.219.151.51,32879,KR,Korea,elite proxy,no,yes,1 minute ago
,80.243.3.210,32494,RU,Russian Federation,elite proxy,no,yes,1 minute ago
,81.211.8.102,39778,RU,Russian Federation,elite proxy,no,yes,1 minute ago
,217.13.220.48,59087,RU,Russian Federation,elite proxy,no,yes,1 minute ago
,208.117.75.52,38232,US,United States,elite proxy,no,yes,1 minute ago
,95.215.97.203,42312,RU,Russian Federation,elite proxy,no,yes,1 minute ago
,190.115.255.253,55663,CO,Colombia,elite proxy,no,yes,1 minute ago
,130.0.31.226,53484,AL,Albania,elite proxy,no,yes,1 minute ago
,96.95.42.201,48053,US,United States,elite proxy,no,yes,1 minute ago
,134.249.151.4,42594,UA,Ukraine,elite proxy,no,yes,1 minute ago
,87.117.147.130,32128,RU,Russian Federation,elite proxy,no,yes,1 minute ago
,173.171.132.82,51501,US,United States,elite proxy,no,yes,1 minute ago
,212.11.97.130,47880,CZ,Czech Republic,elite proxy,no,yes,1 minute ago
,190.214.9.10,52880,EC,Ecuador,elite proxy,no,yes,1 minute ago
,186.0.93.68,43875,CO,Colombia,elite proxy,no,yes,1 minute ago
,202.166.220.150,55223,NP,Nepal,elite proxy,no,yes,1 minute ago
,159.224.209.95,45938,UA,Ukraine,elite proxy,no,yes,1 minute ago
,1.2.169.76,46921,TH,Thailand,elite proxy,no,yes,1 minute ago
,212.90.37.133,56791,UA,Ukraine,elite proxy,no,yes,1 minute ago
,189.113.131.90,48785,BR,Brazil,elite proxy,no,yes,1 minute ago
,103.241.205.253,8080,ID,Indonesia,elite proxy,no,yes,1 minute ago
,103.228.246.53,48408,ID,Indonesia,elite proxy,no,yes,1 minute ago
,191.7.195.122,43365,BR,Brazil,elite proxy,no,yes,1 minute ago
,1.10.187.96,42073,TH,Thailand,elite proxy,no,yes,1 minute ago
,89.190.215.67,31687,BG,Bulgaria,elite proxy,no,yes,1 minute ago
,201.158.107.109,43780,MX,Mexico,elite proxy,no,yes,1 minute ago
,109.194.108.132,34475,RU,Russian Federation,elite proxy,no,yes,1 minute ago
,1.2.169.85,37250,TH,Thailand,elite proxy,no,yes,1 minute ago
,86.126.138.205,34609,RO,Romania,elite proxy,no,yes,1 minute ago
,176.62.185.54,41336,RU,Russian Federation,elite proxy,no,yes,1 minute ago
,200.6.173.166,45777,CO,Colombia,elite proxy,no,yes,1 minute ago
,181.129.33.188,30142,CO,Colombia,elite proxy,no,yes,1 minute ago
,195.9.225.134,50726,RU,Russian Federation,elite proxy,no,yes,1 minute ago
,186.224.238.31,50350,BR,Brazil,elite proxy,no,yes,1 minute ago
,50.226.80.129,58027,US,United States,elite proxy,no,yes,1 minute ago
,119.82.252.18,57896,KH,Cambodia,elite proxy,no,yes,1 minute ago
,196.27.108.65,59080,ZW,Zimbabwe,elite proxy,no,yes,1 minute ago
,186.139.111.77,58085,AR,Argentina,elite proxy,no,yes,1 minute ago
,216.27.126.84,48278,US,United States,elite proxy,no,yes,1 minute ago
,145.239.108.201,55658,FR,France,elite proxy,no,yes,1 minute ago
,91.204.139.130,44350,RU,Russian Federation,elite proxy,no,yes,1 minute ago
,79.129.49.110,31233,GR,Greece,elite proxy,no,yes,1 minute ago
,91.244.113.230,33236,RU,Russian Federation,elite proxy,no,yes,1 minute ago
,201.163.162.242,51662,MX,Mexico,elite proxy,no,yes,1 minute ago
,176.62.182.29,35608,RU,Russian Federation,elite proxy,no,yes,1 minute ago
,195.244.36.205,48591,TR,Turkey,elite proxy,no,yes,1 minute ago
,134.249.157.134,35994,UA,Ukraine,elite proxy,no,yes,1 minute ago
,36.66.95.209,38960,ID,Indonesia,elite proxy,no,yes,1 minute ago
,168.69.134.140,4145,US,United States,anonymous,no,yes,1 minute ago
,91.222.154.39,40504,UA,Ukraine,elite proxy,no,yes,1 minute ago
,79.162.240.116,55461,PL,Poland,elite proxy,no,yes,1 minute ago
,95.88.150.71,3128,DE,Germany,elite proxy,no,yes,1 minute ago
,79.173.87.124,53539,RU,Russian Federation,elite proxy,no,yes,1 minute ago
,175.100.16.215,51525,KH,Cambodia,elite proxy,no,yes,1 minute ago
,84.42.2.120,43009,RU,Russian Federation,elite proxy,no,yes,1 minute ago
,195.22.239.150,45213,MD,"Moldova, Republic of",elite proxy,no,yes,1 minute ago
,49.128.160.43,61252,IN,India,elite proxy,no,yes,1 minute ago
,122.102.43.202,48265,ID,Indonesia,elite proxy,no,yes,1 minute ago
,194.186.111.122,34183,RU,Russian Federation,elite proxy,no,yes,1 minute ago
,88.220.84.133,43998,PL,Poland,elite proxy,no,yes,1 minute ago
,159.224.120.92,51757,UA,Ukraine,elite proxy,no,yes,1 minute ago
,103.9.188.191,49835,KH,Cambodia,elite proxy,no,yes,1 minute ago
,119.15.90.38,56571,KH,Cambodia,elite proxy,no,yes,1 minute ago
,78.158.219.115,8080,UA,Ukraine,elite proxy,no,yes,1 minute ago
,79.111.12.34,34106,RU,Russian Federation,elite proxy,no,yes,1 minute ago
,94.226.33.41,59201,BE,Belgium,elite proxy,no,yes,1 minute ago
,103.251.220.5,52889,IN,India,elite proxy,no,yes,1 minute ago
,103.73.225.38,35685,BD,Bangladesh,elite proxy,no,yes,1 minute ago
,186.159.2.249,48178,CO,Colombia,elite proxy,no,yes,1 minute ago
,5.2.148.58,60047,RO,Romania,elite proxy,no,yes,1 minute ago
,45.76.193.235,38650,JP,Japan,elite proxy,no,yes,1 minute ago
,45.5.56.62,34801,PE,Peru,elite proxy,no,yes,1 minute ago
,203.99.123.25,61502,ID,Indonesia,elite proxy,no,yes,10 minutes ago
,216.126.212.231,8888,US,United States,elite proxy,no,yes,10 minutes ago
,196.202.194.245,8888,KE,Kenya,elite proxy,no,yes,10 minutes ago
,195.230.115.241,8080,UA,Ukraine,elite proxy,no,yes,10 minutes ago
,176.192.107.26,41790,RU,Russian Federation,elite proxy,no,yes,10 minutes ago
,45.239.136.154,44831,BR,Brazil,elite proxy,no,yes,11 minutes ago
,91.90.191.238,8080,PL,Poland,elite proxy,no,yes,11 minutes ago
,62.162.195.217,55394,MK,Macedonia,elite proxy,no,yes,11 minutes ago
,166.143.196.185,53426,US,United States,elite proxy,no,yes,11 minutes ago
,178.132.223.50,46300,AL,Albania,elite proxy,no,yes,11 minutes ago
,91.203.114.58,31232,UA,Ukraine,elite proxy,no,yes,11 minutes ago
,202.61.52.14,60267,PK,Pakistan,elite proxy,no,yes,11 minutes ago
,124.41.211.96,58514,NP,Nepal,elite proxy,no,yes,11 minutes ago
,82.193.134.4,38436,RU,Russian Federation,elite proxy,no,yes,11 minutes ago
,123.255.207.242,53281,ID,Indonesia,elite proxy,no,yes,11 minutes ago
,212.126.124.110,53281,IQ,Iraq,elite proxy,no,yes,11 minutes ago
,85.117.61.186,49929,GE,Georgia,elite proxy,no,yes,11 minutes ago
,189.41.240.180,33488,BR,Brazil,elite proxy,no,yes,11 minutes ago
,85.114.112.119,32231,PS,Palestinian Territory,elite proxy,no,yes,11 minutes ago
,89.23.194.174,8080,RU,Russian Federation,elite proxy,no,yes,11 minutes ago
,209.97.233.3,61268,US,United States,elite proxy,no,yes,11 minutes ago
,180.250.195.146,44053,ID,Indonesia,elite proxy,no,yes,11 minutes ago
,86.38.39.21,60651,LT,Lithuania,elite proxy,no,yes,11 minutes ago
,1.10.141.121,8080,TH,Thailand,elite proxy,no,yes,11 minutes ago
,69.85.70.37,50054,US,United States,elite proxy,no,yes,11 minutes ago
,119.252.170.42,8888,ID,Indonesia,elite proxy,no,yes,11 minutes ago
,176.197.87.122,54289,RU,Russian Federation,elite proxy,no,yes,11 minutes ago
,190.90.63.8,36178,CO,Colombia,elite proxy,no,yes,11 minutes ago
,196.200.18.150,55968,KE,Kenya,elite proxy,no,yes,11 minutes ago
,85.105.65.145,40840,TR,Turkey,elite proxy,no,yes,11 minutes ago
,177.52.26.195,8888,BR,Brazil,elite proxy,no,yes,11 minutes ago
,96.250.94.52,38037,US,United States,elite proxy,no,yes,11 minutes ago
,195.42.181.243,53281,RU,Russian Federation,elite proxy,no,yes,11 minutes ago
,146.247.64.64,60450,IT,Italy,elite proxy,no,yes,11 minutes ago
,83.39.227.224,52140,ES,Spain,elite proxy,no,yes,11 minutes ago
,80.55.102.162,49563,PL,Poland,elite proxy,no,yes,11 minutes ago
,122.102.26.67,23500,IN,India,elite proxy,no,yes,11 minutes ago
,77.39.7.153,60467,RU,Russian Federation,elite proxy,no,yes,11 minutes ago
,185.158.3.207,54675,AL,Albania,elite proxy,no,yes,11 minutes ago
,81.200.54.91,43455,CZ,Czech Republic,elite proxy,no,yes,11 minutes ago
,74.82.238.69,41225,US,United States,elite proxy,no,yes,11 minutes ago
,190.12.48.158,52305,EC,Ecuador,elite proxy,no,yes,11 minutes ago
,154.79.242.86,8888,KE,Kenya,elite proxy,no,yes,11 minutes ago
,177.190.217.9,23500,BR,Brazil,elite proxy,no,yes,11 minutes ago
,85.214.109.193,3128,DE,Germany,anonymous,no,yes,11 minutes ago
,93.171.157.243,48864,RU,Russian Federation,elite proxy,no,yes,11 minutes ago
,5.202.78.39,45201,IR,Iran,elite proxy,no,yes,11 minutes ago
,95.165.223.50,61475,RU,Russian Federation,elite proxy,no,yes,11 minutes ago
,51.255.28.62,53281,FR,France,elite proxy,no,yes,11 minutes ago
,50.252.132.229,31116,US,United States,elite proxy,no,yes,11 minutes ago
,89.133.137.230,47911,HU,Hungary,elite proxy,no,yes,12 minutes ago
,187.17.145.209,52199,BR,Brazil,elite proxy,no,yes,12 minutes ago
,70.83.31.57,54005,CA,Canada,elite proxy,no,yes,12 minutes ago
,85.105.214.250,32231,TR,Turkey,elite proxy,no,yes,12 minutes ago
,159.224.16.186,43505,UA,Ukraine,elite proxy,no,yes,12 minutes ago
,81.198.69.116,39970,LV,Latvia,elite proxy,no,yes,12 minutes ago
,79.134.5.161,46628,RU,Russian Federation,elite proxy,no,yes,12 minutes ago
,31.132.137.35,49020,RU,Russian Federation,elite proxy,no,yes,12 minutes ago
,200.17.13.2,41491,BR,Brazil,elite proxy,no,yes,12 minutes ago
,83.234.206.165,35109,RU,Russian Federation,elite proxy,no,yes,12 minutes ago
,176.56.23.14,60084,RU,Russian Federation,elite proxy,no,yes,12 minutes ago
,139.0.28.13,59988,ID,Indonesia,elite proxy,no,yes,12 minutes ago
,115.79.193.125,47550,VN,Vietnam,elite proxy,no,yes,12 minutes ago
,82.114.94.130,48505,AL,Albania,elite proxy,no,yes,12 minutes ago
,134.236.242.173,32903,TH,Thailand,elite proxy,no,yes,12 minutes ago
,190.131.199.102,61890,CO,Colombia,elite proxy,no,yes,12 minutes ago
,49.159.2.112,39455,TW,Taiwan,elite proxy,no,yes,12 minutes ago
,95.84.192.22,38198,RU,Russian Federation,elite proxy,no,yes,12 minutes ago
,186.96.195.183,41517,AR,Argentina,elite proxy,no,yes,12 minutes ago
,194.158.216.36,34853,BY,Belarus,elite proxy,no,yes,12 minutes ago
,109.73.11.173,34006,RU,Russian Federation,elite proxy,no,yes,12 minutes ago
,95.181.64.244,41065,RU,Russian Federation,elite proxy,no,yes,12 minutes ago
,94.158.152.190,46228,UA,Ukraine,elite proxy,no,yes,12 minutes ago
